"day","temperature"
1,"11.82492511"
2,"11.82492511"
3,"11.82492511"
4,"11.82492511"
5,"11.82492511"
6,"11.82492511"
7,"11.82492511"
8,"11.82492511"
9,"11.82492511"
10,"11.82492511"
11,"11.82492511"
12,"11.82492511"
13,"11.82492511"
14,"11.82492511"
15,"11.82492511"
16,"11.82492511"
17,"11.82492511"
18,"11.82492511"
19,"11.82492511"
20,"11.82492511"
21,"11.82492511"
22,"11.82492511"
23,"12.21492855"
24,"12.21492855"
25,"12.21492855"
26,"12.21492855"
27,"12.21492855"
28,"12.21492855"
29,"12.21492855"
30,"12.21492855"
31,"12.21492855"
32,"12.21492855"
33,"12.21492855"
34,"12.21492855"
35,"12.21492855"
36,"12.21492855"
37,"12.21492855"
38,"12.21492855"
39,"12.21492855"
40,"12.21492855"
41,"12.21492855"
42,"12.21492855"
43,"12.21492855"
44,"12.21492855"
45,"12.21492855"
46,"12.21492855"
47,"12.21492855"
48,"12.21492855"
49,"12.21492855"
50,"12.21492855"
51,"12.21492855"
52,"12.21492855"
53,"12.21492855"
54,"12.05892714"
55,"12.05892714"
56,"12.05892714"
57,"12.05892714"
58,"12.05892714"
59,"12.05892714"
60,"12.05892714"
61,"12.05892714"
62,"12.05892714"
63,"12.05892714"
64,"12.05892714"
65,"12.05892714"
66,"12.05892714"
67,"12.05892714"
68,"12.05892714"
69,"12.05892714"
70,"12.05892714"
71,"12.05892714"
72,"12.05892714"
73,"12.05892714"
74,"12.05892714"
75,"12.05892714"
76,"12.05892714"
77,"12.05892714"
78,"12.05892714"
79,"12.05892714"
80,"12.05892714"
81,"12.05892714"
82,"12.05892714"
83,"12.05892714"
84,"12.05892714"
85,"11.12291886"
86,"11.12291886"
87,"11.12291886"
88,"11.12291886"
89,"11.12291886"
90,"11.12291886"
91,"11.12291886"
92,"11.12291886"
93,"11.12291886"
94,"11.12291886"
95,"11.12291886"
96,"11.12291886"
97,"11.12291886"
98,"11.12291886"
99,"11.12291886"
100,"11.12291886"
101,"11.12291886"
102,"11.12291886"
103,"11.12291886"
104,"11.12291886"
105,"11.12291886"
106,"11.12291886"
107,"11.12291886"
108,"11.12291886"
109,"11.12291886"
110,"11.12291886"
